PALLET,ARTICULO
P-252,COUCHE AMARILLO
P-253,COUCHE AMARILLO
P-256,COUCHE AMARILLO
P-257,COUCHE AMARILLO
P-258,COUCHE AMARILLO
P-259,COUCHE AMARILLO
P-260,COUCHE AMARILLO
P-261,COUCHE AMARILLO
P-262,COUCHE AMARILLO
P-263,COUCHE AMARILLO
P-264,COUCHE AMARILLO
P-265,COUCHE AMARILLO
P-266,COUCHE AMARILLO
P-267,COUCHE AMARILLO
P-268,COUCHE AMARILLO
P-269,COUCHE AMARILLO
P-270,COUCHE AMARILLO
P-271,COUCHE AMARILLO
P-272,COUCHE AMARILLO
P-273,COUCHE AMARILLO
P-274,COUCHE AMARILLO
P-275,COUCHE AMARILLO
P-276,COUCHE AMARILLO
P-277,COUCHE AMARILLO
P-278,COUCHE AMARILLO
P-279,COUCHE AMARILLO
P-282,COUCHE AMARILLO
P-283,COUCHE AMARILLO
P-284,COUCHE AMARILLO
P-285,COUCHE AMARILLO
P-286,COUCHE AMARILLO
P-287,COUCHE AMARILLO
P-288,COUCHE AMARILLO
P-289,COUCHE AMARILLO
P-290,COUCHE AMARILLO
P-291,COUCHE AMARILLO
P-292,COUCHE AMARILLO
P-293,COUCHE AMARILLO
P-294,COUCHE AMARILLO
P-295,COUCHE AMARILLO
P-296,COUCHE AMARILLO
P-297,COUCHE AMARILLO
P-298,COUCHE AMARILLO
P-299,COUCHE AMARILLO
P-300,COUCHE AMARILLO
P-301,COUCHE AMARILLO
P-302,COUCHE AMARILLO
P-303,COUCHE AMARILLO
P-304,COUCHE AMARILLO
P-305,COUCHE AMARILLO
P-306,COUCHE AMARILLO
P-307,COUCHE AMARILLO
P-308,COUCHE AMARILLO
P-309,COUCHE AMARILLO
P-310,COUCHE AMARILLO
P-311,COUCHE AMARILLO
P-312,COUCHE AMARILLO
P-313,COUCHE AMARILLO
P-314,COUCHE AMARILLO
P-315,COUCHE AMARILLO
P-316,COUCHE AMARILLO
P-317,COUCHE AMARILLO
P-318,COUCHE AMARILLO
P-319,COUCHE AMARILLO
P-320,COUCHE AMARILLO
P-321,COUCHE AMARILLO
P-322,COUCHE AMARILLO
P-323,COUCHE AMARILLO
P-324,COUCHE AMARILLO
P-325,COUCHE AMARILLO
P-326,COUCHE AMARILLO
P-327,COUCHE AMARILLO
P-328,COUCHE AMARILLO
P-329,COUCHE AMARILLO
P-330,COUCHE AMARILLO
P-331,COUCHE AMARILLO
P-332,COUCHE AMARILLO
P-333,COUCHE AMARILLO
P-334,COUCHE AMARILLO
P-335,COUCHE AMARILLO
P-134,TERMICO VERDE
P-135,TERMICO VERDE
P-136,TERMICO VERDE
P-137,TERMICO VERDE
P-139,TERMICO VERDE
P-140,TERMICO VERDE
P-141,TERMICO VERDE
P-142,TERMICO VERDE
P-143,TERMICO VERDE
P-147,TERMICO VERDE
P-148,TERMICO VERDE
P-149,TERMICO VERDE
P-150,TERMICO VERDE
P-151,TERMICO VERDE
P-153,TERMICO VERDE
P-154,TERMICO VERDE
P-156,TERMICO VERDE
P-157,TERMICO VERDE
P-160,TERMICO VERDE
P-161,TERMICO VERDE
P-163,TERMICO VERDE
P-164,TERMICO VERDE
P-165,TERMICO VERDE
P-166,TERMICO VERDE
P-167,TERMICO VERDE
P-168,TERMICO VERDE
P-169,TERMICO VERDE
P-171,TERMICO VERDE
P-172,TERMICO VERDE
P-173,TERMICO VERDE
P-175,TERMICO VERDE
P-176,TERMICO VERDE
P-177,TERMICO VERDE
P-178,TERMICO VERDE
P-179,TERMICO VERDE
P-181,TERMICO VERDE
P-182,TERMICO VERDE
P-183,TERMICO VERDE
P-184,TERMICO VERDE
P-185,TERMICO VERDE
P-186,TERMICO VERDE
P-187,TERMICO VERDE
P-190,TERMICO VERDE
P-191,TERMICO VERDE
P-192,TERMICO VERDE
P-193,TERMICO VERDE
P-195,TERMICO VERDE
P-196,TERMICO VERDE
P-197,TERMICO VERDE
P-198,TERMICO VERDE
P-199,TERMICO VERDE
P-200,TERMICO VERDE
P-201,TERMICO VERDE
P-202,TERMICO VERDE
P-203,TERMICO VERDE
P-204,TERMICO VERDE
P-205,TERMICO VERDE
P-207,TERMICO VERDE
P-208,TERMICO VERDE
P-209,TERMICO VERDE
P-210,TERMICO VERDE
P-211,TERMICO VERDE
P-212,TERMICO VERDE
P-213,TERMICO VERDE
P-215,TERMICO VERDE
P-217,TERMICO VERDE
P-218,TERMICO VERDE
P-219,TERMICO VERDE
P-220,TERMICO VERDE
P-221,TERMICO VERDE
P-222,TERMICO VERDE
P-223,TERMICO VERDE
P-225,TERMICO VERDE
P-226,TERMICO VERDE
P-227,TERMICO VERDE
P-229,TERMICO VERDE
P-231,TERMICO VERDE
P-233,TERMICO VERDE
P-235,TERMICO VERDE
P-237,TERMICO VERDE
P-241,TERMICO VERDE
P-245,TERMICO VERDE
P-251,TERMICO VERDE
P-346,TERMICO TOP NARANJA
P-347,TERMICO TOP NARANJA
P-348,TERMICO TOP NARANJA
P-349,TERMICO TOP NARANJA
P-352,TERMICO TOP NARANJA
P-353,TERMICO TOP NARANJA
P-354,TERMICO TOP NARANJA
P-355,TERMICO TOP NARANJA
P-356,TERMICO TOP NARANJA
P-357,TERMICO TOP NARANJA
P-360,TERMICO TOP NARANJA
P-361,TERMICO TOP NARANJA
-,CAJAS CARTON REF 1
-,CAJAS CARTON REF 1
-,CAJAS CARTON REF 1
-,CAJAS CARTON REF 1
-,CAJAS CARTON REF 1
-,CAJAS CARTON REF 1
-,CAJAS CARTON REF 1
-,CAJAS CARTON REF 1
-,CAJAS CARTON REF 1
-,CAJAS CARTON REF 1
P-131,-
P-132,-
P-133,-
-,CARTON GHAPHIDEA 
-,CARTON GHAPHIDEA 
-,CARTON GHAPHIDEA 
-,CARTON GHAPHIDEA 
-,CARTON GHAPHIDEA 
P-30,
P-31,
P-32,
P-33,
P-34,
P-35,
P-36,
P-37,
P-38,
P-42,
P-45,
P-47,
P-48,
P-49,
P-50,
P-51,
P-54,
P-55,
P-56,
P-57,
P-58,
P-59,
P-60,
P-63,
P-64,
P-65,
P-66,
P-67,
P-68,
P-69,
P-70,
P-71,
P-72,
P-74,
P-75,
P-76,
P-77,
P-78,
P-79,
P-80,
P-81,
P-82,
P-83,
P-84,
P-86,
P-87,
P-98,
P-99,
P-100,
P-101,
P-102,
P-103,
P-104,
P-105,
P-106,
P-107,
P-108,
P-111,
P-112,
P-113,
P-114,
P-115,
P-116,
P-117,
P-118,
P-119,
P-120,
P-121,
P-122,
P-123,
P-124,
P-125,
P-126,
P-127,
P-128,
P-129,
